<?xml version="1.0" encoding="UTF-8" standalone="yes" ?><cp:coreProperties xmlns:cp="http://schemas.openxmlformats.org/package/2006/metadata/core-properties" xmlns:dc="http://purl.org/dc/elements/1.1/" xmlns:dcmitype="http://purl.org/dc/dcmitype/" xmlns:dcterms="http://purl.org/dc/terms/" xmlns:xsi="http://www.w3.org/2001/XMLSchema-instance"><cp:category>model</cp:category><dcterms:created xsi:type="dcterms:W3CDTF">2016-04-21T17:58:01Z</dcterms:created><dc:creator>raoulk</dc:creator><cp:lastModifiedBy>haolee</cp:lastModifiedBy><dcterms:modified xsi:type="dcterms:W3CDTF">2021-04-14T23:37:05Z</dcterms:modified><cp:revision>1.12</cp:revision><cp:version>R2020a</cp:version></cp:coreProperties>