<?xml version="1.0" encoding="UTF-8"?>
<sltp_graph version="1.1" packageUris="http://schema.mathworks.com/mf0/sltp_mm/R2020a_201913111440">
  <sltp.mm.core.Context type="sltp.mm.core.Context" uuid="4453318b-423d-4f0f-863f-09b1543bbcac">
    <priorityDirection>HighNumberLast</priorityDirection>
    <editorState type="sltp.mm.core.EditorState" uuid="aa054772-5ad4-45bf-8674-4cd7386da321">
      <isSynchronized>true</isSynchronized>
    </editorState>
    <rootTask type="sltp.mm.core.Task" uuid="817e856e-3317-4a8b-b9c7-877cfd321491">
      <context type="sltp.mm.core.Context" uuid="4453318b-423d-4f0f-863f-09b1543bbcac"/>
      <explicit>false</explicit>
      <name>Default</name>
      <priority>-2147483648</priority>
      <subgraph type="sltp.mm.core.Graph" uuid="e716ad1e-1281-4fda-9583-ff1e2f9175be">
        <tasks type="sltp.mm.core.Task" uuid="ec17ee2a-716b-4355-88be-5585bb1dd29d">
          <baseTask>true</baseTask>
          <context type="sltp.mm.core.Context" uuid="4453318b-423d-4f0f-863f-09b1543bbcac"/>
          <explicit>false</explicit>
          <id>1</id>
          <name>Cont</name>
          <priority>40</priority>
          <rates type="sltp.mm.core.Rate" uuid="54e6a7e9-5fe1-4aef-8389-4f0f139d8f2d">
            <annotation>Cont</annotation>
            <color>255</color>
            <hasBlocks>true</hasBlocks>
            <rateSpec type="sltp.mm.core.RateSpec">
              <period>0</period>
            </rateSpec>
            <sti>0</sti>
          </rates>
          <rates type="sltp.mm.core.Rate" uuid="cd413097-23f0-4789-8cef-65d6ffe5d70e">
            <annotation>D1</annotation>
            <color>-436207361</color>
            <hasBlocks>true</hasBlocks>
            <rateSpec type="sltp.mm.core.RateSpec">
              <period>0.050000000000000003</period>
            </rateSpec>
            <sti>1</sti>
          </rates>
        </tasks>
      </subgraph>
    </rootTask>
  </sltp.mm.core.Context>
</sltp_graph>