<?xml version="1.0" encoding="UTF-8"?>
<sltp_editor version="1.1" packageUris="http://schema.mathworks.com/mf0/DiagramEditor/R2019a_20181107 http://schema.mathworks.com/mf0/SltpSyntax/R2020a_201913111440">
  <diagram.editor.model.Diagram type="diagram.editor.model.Diagram" uuid="93a41aa2-ecbb-4295-bb54-249154a580c3">
    <entities type="diagram.editor.model.Entity" uuid="29327e5c-46db-4e0c-a7eb-00f1c497a86a">
      <position>0,0</position>
      <size>0,0,0,0</size>
      <syntaxElement type="sltp.mm.syntax.Node" uuid="9cab4a11-6757-40e3-a43a-31444a62b603"/>
      <title>Cont</title>
      <type>base</type>
      <subDiagram type="diagram.editor.model.Diagram" uuid="5025f6c9-2cdc-4c83-a994-55bc7d7b5511">
        <position>0,0</position>
        <syntaxElement type="sltp.mm.syntax.Graph" uuid="27e86a13-61ab-49e9-ae77-21d6381cae38"/>
        <title>Cont</title>
        <type>graph.Graph</type>
      </subDiagram>
    </entities>
    <syntaxElement type="sltp.mm.syntax.Graph" uuid="e692fef2-4155-4c1e-b93b-1b17d4cb5fe4"/>
    <title>Default</title>
    <type>graph.Graph</type>
  </diagram.editor.model.Diagram>
  <sltp.mm.syntax.Context type="sltp.mm.syntax.Context" uuid="9a4060d4-f909-4e25-901c-4dd98ae839e5">
    <rootGraph type="sltp.mm.syntax.Graph" uuid="e692fef2-4155-4c1e-b93b-1b17d4cb5fe4">
      <children type="sltp.mm.syntax.Node" uuid="9cab4a11-6757-40e3-a43a-31444a62b603">
        <priority>40</priority>
        <rates type="sltp.mm.syntax.RateData">
          <color>#000000</color>
          <hasBlocks>true</hasBlocks>
          <rate>0</rate>
          <title>Cont</title>
        </rates>
        <rates type="sltp.mm.syntax.RateData">
          <color>#e60000</color>
          <hasBlocks>true</hasBlocks>
          <rate>0.05</rate>
          <title>D1</title>
        </rates>
        <title>Cont</title>
        <type>base</type>
        <diagramElement type="diagram.editor.model.Entity" uuid="29327e5c-46db-4e0c-a7eb-00f1c497a86a"/>
        <subgraph type="sltp.mm.syntax.Graph" uuid="27e86a13-61ab-49e9-ae77-21d6381cae38">
          <title>Cont</title>
          <diagramElement type="diagram.editor.model.Diagram" uuid="5025f6c9-2cdc-4c83-a994-55bc7d7b5511"/>
        </subgraph>
      </children>
      <title>Default</title>
      <diagramElement type="diagram.editor.model.Diagram" uuid="93a41aa2-ecbb-4295-bb54-249154a580c3"/>
    </rootGraph>
  </sltp.mm.syntax.Context>
</sltp_editor>