<?xml version="1.0" encoding="utf-8"?>
<System>
  <P Name="Location">[255, 166, 1796, 1316]</P>
  <P Name="SetExecutionDomain">off</P>
  <P Name="ExecutionDomainType">Deduce</P>
  <P Name="SimulinkSubDomain">Simulink</P>
  <Block BlockType="Inport" Name="u" SID="256">
    <P Name="Position">[55, 163, 85, 177]</P>
    <P Name="ZOrder">-1</P>
  </Block>
  <Block BlockType="Constant" Name="Constant" SID="257">
    <P Name="Position">[400, 80, 430, 110]</P>
    <P Name="ZOrder">-2</P>
    <P Name="Value">0</P>
  </Block>
  <Block BlockType="Constant" Name="Constant1" SID="258">
    <P Name="Position">[345, 105, 375, 135]</P>
    <P Name="ZOrder">-3</P>
    <P Name="Value">0</P>
  </Block>
  <Block BlockType="Constant" Name="Constant2" SID="259">
    <P Name="Position">[400, 130, 430, 160]</P>
    <P Name="ZOrder">-4</P>
  </Block>
  <Block BlockType="DataTypeConversion" Name="Data Type Conversion2" SID="260">
    <P Name="Position">[240, 153, 315, 187]</P>
    <P Name="ZOrder">-7</P>
    <P Name="OutDataTypeStr">double</P>
    <P Name="RndMeth">Floor</P>
    <P Name="SaturateOnIntegerOverflow">off</P>
  </Block>
  <Block BlockType="Gain" Name="Gain" SID="261">
    <P Name="Position">[120, 155, 200, 185]</P>
    <P Name="ZOrder">-8</P>
    <P Name="Gain">-(pi)/55</P>
  </Block>
  <Block BlockType="Mux" Name="Mux1" SID="262">
    <P Name="Ports">[4, 1]</P>
    <P Name="Position">[485, 79, 500, 186]</P>
    <P Name="ZOrder">-9</P>
    <P Name="ShowName">off</P>
    <P Name="DisplayOption">bar</P>
  </Block>
  <Block BlockType="Outport" Name="Pointer Rotation" SID="263">
    <P Name="Position">[550, 128, 580, 142]</P>
    <P Name="ZOrder">-2</P>
    <P Name="VectorParamsAs1DForOutWhenUnconnected">off</P>
  </Block>
  <Line>
    <P Name="ZOrder">1</P>
    <P Name="Src">257#out:1</P>
    <P Name="Dst">262#in:1</P>
  </Line>
  <Line>
    <P Name="ZOrder">2</P>
    <P Name="Src">258#out:1</P>
    <P Name="Dst">262#in:2</P>
  </Line>
  <Line>
    <P Name="ZOrder">3</P>
    <P Name="Src">259#out:1</P>
    <P Name="Dst">262#in:3</P>
  </Line>
  <Line>
    <P Name="ZOrder">4</P>
    <P Name="Src">260#out:1</P>
    <P Name="Dst">262#in:4</P>
  </Line>
  <Line>
    <P Name="ZOrder">5</P>
    <P Name="Src">261#out:1</P>
    <P Name="Dst">260#in:1</P>
  </Line>
  <Line>
    <P Name="ZOrder">6</P>
    <P Name="Src">256#out:1</P>
    <P Name="Dst">261#in:1</P>
  </Line>
  <Line>
    <P Name="ZOrder">7</P>
    <P Name="Src">262#out:1</P>
    <P Name="Dst">263#in:1</P>
  </Line>
</System>
