<?xml version="1.0" encoding="utf-8"?>
<System>
  <P Name="Location">[403, 291, 1033, 965]</P>
  <P Name="SetExecutionDomain">off</P>
  <P Name="ExecutionDomainType">Deduce</P>
  <P Name="SimulinkSubDomain">Simulink</P>
  <Block BlockType="Inport" Name="x" SID="98">
    <P Name="Position">[35, 53, 65, 67]</P>
    <P Name="ZOrder">-1</P>
  </Block>
  <Block BlockType="Inport" Name="y" SID="99">
    <P Name="Position">[35, 173, 65, 187]</P>
    <P Name="ZOrder">-1</P>
    <P Name="Port">2</P>
  </Block>
  <Block BlockType="Inport" Name="psi" SID="100">
    <P Name="Position">[35, 403, 65, 417]</P>
    <P Name="ZOrder">-1</P>
    <P Name="Port">3</P>
  </Block>
  <Block BlockType="Constant" Name="Constant" SID="101">
    <P Name="Position">[210, 245, 240, 275]</P>
    <P Name="ZOrder">-4</P>
    <P Name="Value">0</P>
  </Block>
  <Block BlockType="Constant" Name="Constant1" SID="102">
    <P Name="Position">[210, 295, 240, 325]</P>
    <P Name="ZOrder">-5</P>
  </Block>
  <Block BlockType="Constant" Name="Constant2" SID="103">
    <P Name="Position">[210, 345, 240, 375]</P>
    <P Name="ZOrder">-6</P>
    <P Name="Value">0</P>
  </Block>
  <Block BlockType="Constant" Name="Constant3" SID="104">
    <P Name="Position">[145, 105, 175, 135]</P>
    <P Name="ZOrder">-7</P>
    <P Name="Value">0</P>
  </Block>
  <Block BlockType="DataTypeConversion" Name="Data Type Conversion" SID="105">
    <P Name="Position">[210, 43, 285, 77]</P>
    <P Name="ZOrder">-7</P>
    <P Name="OutDataTypeStr">double</P>
    <P Name="RndMeth">Floor</P>
    <P Name="SaturateOnIntegerOverflow">off</P>
  </Block>
  <Block BlockType="DataTypeConversion" Name="Data Type Conversion1" SID="106">
    <P Name="Position">[195, 163, 270, 197]</P>
    <P Name="ZOrder">-7</P>
    <P Name="OutDataTypeStr">double</P>
    <P Name="RndMeth">Floor</P>
    <P Name="SaturateOnIntegerOverflow">off</P>
  </Block>
  <Block BlockType="DataTypeConversion" Name="Data Type Conversion2" SID="107">
    <P Name="Position">[205, 393, 280, 427]</P>
    <P Name="ZOrder">-7</P>
    <P Name="OutDataTypeStr">double</P>
    <P Name="RndMeth">Floor</P>
    <P Name="SaturateOnIntegerOverflow">off</P>
  </Block>
  <Block BlockType="Gain" Name="Gain3" SID="108">
    <P Name="Position">[105, 165, 135, 195]</P>
    <P Name="ZOrder">-8</P>
    <P Name="Gain">-1</P>
  </Block>
  <Block BlockType="Mux" Name="Mux" SID="109">
    <P Name="Ports">[3, 1]</P>
    <P Name="Position">[370, 33, 375, 207]</P>
    <P Name="ZOrder">-12</P>
    <P Name="ShowName">off</P>
    <P Name="Inputs">3</P>
    <P Name="DisplayOption">bar</P>
  </Block>
  <Block BlockType="Mux" Name="Mux1" SID="110">
    <P Name="Ports">[4, 1]</P>
    <P Name="Position">[370, 236, 375, 434]</P>
    <P Name="ZOrder">-13</P>
    <P Name="ShowName">off</P>
    <P Name="DisplayOption">bar</P>
  </Block>
  <Block BlockType="Outport" Name="translation_Car" SID="111">
    <P Name="Position">[465, 113, 495, 127]</P>
    <P Name="ZOrder">-23</P>
    <P Name="VectorParamsAs1DForOutWhenUnconnected">off</P>
  </Block>
  <Block BlockType="Outport" Name="rotation_car" SID="112">
    <P Name="Position">[465, 328, 495, 342]</P>
    <P Name="ZOrder">-23</P>
    <P Name="Port">2</P>
    <P Name="VectorParamsAs1DForOutWhenUnconnected">off</P>
  </Block>
  <Line>
    <P Name="ZOrder">1</P>
    <P Name="Src">101#out:1</P>
    <P Name="Dst">110#in:1</P>
  </Line>
  <Line>
    <P Name="ZOrder">2</P>
    <P Name="Src">102#out:1</P>
    <P Name="Dst">110#in:2</P>
  </Line>
  <Line>
    <P Name="ZOrder">3</P>
    <P Name="Src">103#out:1</P>
    <P Name="Dst">110#in:3</P>
  </Line>
  <Line>
    <P Name="ZOrder">4</P>
    <P Name="Src">107#out:1</P>
    <P Name="Dst">110#in:4</P>
  </Line>
  <Line>
    <P Name="ZOrder">5</P>
    <P Name="Src">99#out:1</P>
    <P Name="Dst">108#in:1</P>
  </Line>
  <Line>
    <P Name="ZOrder">6</P>
    <P Name="Src">100#out:1</P>
    <P Name="Dst">107#in:1</P>
  </Line>
  <Line>
    <P Name="ZOrder">7</P>
    <P Name="Src">104#out:1</P>
    <P Name="Dst">109#in:2</P>
  </Line>
  <Line>
    <P Name="ZOrder">8</P>
    <P Name="Src">108#out:1</P>
    <P Name="Dst">106#in:1</P>
  </Line>
  <Line>
    <P Name="ZOrder">9</P>
    <P Name="Src">98#out:1</P>
    <P Name="Dst">105#in:1</P>
  </Line>
  <Line>
    <P Name="ZOrder">10</P>
    <P Name="Src">106#out:1</P>
    <P Name="Dst">109#in:3</P>
  </Line>
  <Line>
    <P Name="ZOrder">11</P>
    <P Name="Src">105#out:1</P>
    <P Name="Dst">109#in:1</P>
  </Line>
  <Line>
    <P Name="ZOrder">12</P>
    <P Name="Src">109#out:1</P>
    <P Name="Dst">111#in:1</P>
  </Line>
  <Line>
    <P Name="ZOrder">13</P>
    <P Name="Src">110#out:1</P>
    <P Name="Dst">112#in:1</P>
  </Line>
</System>
