<?xml version="1.0" encoding="utf-8"?>
<System>
  <P Name="Location">[383, 39, 1924, 1162]</P>
  <P Name="Open">on</P>
  <P Name="SetExecutionDomain">off</P>
  <P Name="ExecutionDomainType">Deduce</P>
  <P Name="ZoomFactor">80</P>
  <P Name="ReportName">simulink-default.rpt</P>
  <P Name="SIDHighWatermark">277</P>
  <P Name="SimulinkSubDomain">Simulink</P>
  <Block BlockType="Reference" Name="Byte Unpacking " SID="276">
    <P Name="Ports">[1, 1]</P>
    <P Name="Position">[190, 546, 285, 594]</P>
    <P Name="ZOrder">13</P>
    <P Name="LibraryVersion">1.6</P>
    <P Name="SourceBlock">xpcutilitieslib/Byte Unpacking </P>
    <P Name="SourceType">xpcbytepacking</P>
    <P Name="SourceProductBaseCode">XP</P>
    <InstanceData>
      <P Name="MultiThreadCoSim">auto</P>
      <P Name="MaskUnpackedDataTypes">{&apos;single&apos;}</P>
      <P Name="MaskUnpackedDataSizes">{[22]}</P>
      <P Name="MaskAlignment">1</P>
    </InstanceData>
  </Block>
  <Block BlockType="SubSystem" Name="Car Model Construction" SID="1">
    <P Name="Ports">[3, 2]</P>
    <P Name="Position">[465, 90, 570, 180]</P>
    <P Name="ZOrder">10</P>
    <P Name="RequestExecContextInheritance">off</P>
    <System Ref="system_1"/>
  </Block>
  <Block BlockType="SubSystem" Name="Car Model Construction1" SID="17">
    <P Name="Ports">[3, 2]</P>
    <P Name="Position">[465, 285, 570, 375]</P>
    <P Name="ZOrder">9</P>
    <P Name="RequestExecContextInheritance">off</P>
    <System Ref="system_17"/>
  </Block>
  <Block BlockType="SubSystem" Name="Car Model Construction2" SID="33">
    <P Name="Ports">[3, 2]</P>
    <P Name="Position">[470, 420, 575, 510]</P>
    <P Name="ZOrder">8</P>
    <P Name="RequestExecContextInheritance">off</P>
    <System Ref="system_33"/>
  </Block>
  <Block BlockType="SubSystem" Name="Car Model Construction3" SID="49">
    <P Name="Ports">[3, 2]</P>
    <P Name="Position">[470, 555, 575, 645]</P>
    <P Name="ZOrder">7</P>
    <P Name="RequestExecContextInheritance">off</P>
    <System Ref="system_49"/>
  </Block>
  <Block BlockType="SubSystem" Name="Car Model Construction4" SID="65">
    <P Name="Ports">[3, 2]</P>
    <P Name="Position">[430, 725, 535, 815]</P>
    <P Name="ZOrder">6</P>
    <P Name="RequestExecContextInheritance">off</P>
    <System Ref="system_65"/>
  </Block>
  <Block BlockType="SubSystem" Name="Car Model Construction5" SID="81">
    <P Name="Ports">[3, 2]</P>
    <P Name="Position">[455, 860, 560, 950]</P>
    <P Name="ZOrder">5</P>
    <P Name="RequestExecContextInheritance">off</P>
    <System Ref="system_81"/>
  </Block>
  <Block BlockType="SubSystem" Name="Car Model Construction6" SID="97">
    <P Name="Ports">[3, 2]</P>
    <P Name="Position">[455, 980, 560, 1070]</P>
    <P Name="ZOrder">4</P>
    <P Name="RequestExecContextInheritance">off</P>
    <System Ref="system_97"/>
  </Block>
  <Block BlockType="Demux" Name="Demux" SID="277">
    <P Name="Ports">[1, 22]</P>
    <P Name="Position">[335, 47, 340, 1088]</P>
    <P Name="ZOrder">14</P>
    <P Name="ShowName">off</P>
    <P Name="Outputs">22</P>
  </Block>
  <Block BlockType="Reference" Name="Serial Configuration" SID="113">
    <P Name="Ports">[]</P>
    <P Name="Position">[30, 460, 140, 506]</P>
    <P Name="ZOrder">2</P>
    <P Name="Priority">-200000</P>
    <P Name="LibraryVersion">1.173</P>
    <P Name="SourceBlock">instrumentlib/Serial Configuration</P>
    <P Name="SourceType">Serial Configuration</P>
    <P Name="SourceProductBaseCode">IC</P>
    <InstanceData>
      <P Name="ComPortMenu">COM6</P>
      <P Name="ComPort">COM6</P>
      <P Name="ObjConstructor">serial(&apos;COM6&apos;);</P>
      <P Name="BaudRate">115200</P>
      <P Name="DataBits">8</P>
      <P Name="Parity">none</P>
      <P Name="StopBits">1</P>
      <P Name="FlowControl">none</P>
      <P Name="Timeout">20</P>
      <P Name="ByteOrder">LittleEndian</P>
    </InstanceData>
  </Block>
  <Block BlockType="Reference" Name="Serial Receive" SID="114">
    <P Name="Ports">[0, 1]</P>
    <P Name="Position">[30, 547, 140, 593]</P>
    <P Name="ZOrder">1</P>
    <P Name="LibraryVersion">1.173</P>
    <P Name="SourceBlock">instrumentlib/Serial Receive</P>
    <P Name="SourceType">Serial Receive</P>
    <P Name="SourceProductBaseCode">IC</P>
    <InstanceData>
      <P Name="ComPortMenu">COM6</P>
      <P Name="ComPort">COM6</P>
      <P Name="ObjConstructor">serial(&apos;COM6&apos;);</P>
      <P Name="Header">s</P>
      <P Name="Terminator">e</P>
      <P Name="DataSize">[88   1]</P>
      <P Name="DataType">uint8</P>
      <P Name="EnableBlockingMode">on</P>
      <P Name="ActionDataUnavailable">Error</P>
      <P Name="CustomValue">0</P>
      <P Name="SampleTime">0.05</P>
    </InstanceData>
  </Block>
  <Block BlockType="SubSystem" Name="Speedometer Calc" SID="255">
    <P Name="Ports">[1, 1]</P>
    <P Name="Position">[465, 219, 565, 261]</P>
    <P Name="ZOrder">11</P>
    <P Name="RequestExecContextInheritance">off</P>
    <System Ref="system_255"/>
  </Block>
  <Block BlockType="Reference" Name="VR Sink1" SID="264">
    <P Name="Ports">[22]</P>
    <P Name="Position">[925, 84, 1085, 1071]</P>
    <P Name="ZOrder">12</P>
    <P Name="ForegroundColor">red</P>
    <P Name="BackgroundColor">yellow</P>
    <P Name="LibraryVersion">1.95</P>
    <P Name="SourceBlock">vrlib/VR Sink</P>
    <P Name="SourceType">Virtual Reality Sink</P>
    <P Name="SourceProductBaseCode">SL</P>
    <P Name="InstantiateOnLoad">on</P>
    <InstanceData>
      <P Name="MultiThreadCoSim">auto</P>
      <P Name="SampleTime">0.05</P>
      <P Name="ViewEnable">on</P>
      <P Name="RemoteChange">off</P>
      <P Name="RemoteView">off</P>
      <P Name="FieldsWritten">Vehicle1.translation.3.1.1.double#Car_Lotus1.rotation.4.1.1.double#Object1.translation.3.1.1.double#Object2.translation.3.1.1.double#Object3.translation.3.1.1.double#Object4.translation.3.1.1.double#Object5.translation.3.1.1.double#Object7.translation.3.1.1.double#Object6.translation.3.1.1.double#Pointer.rotation.4.1.1.double#Vehicle2.translation.3.1.1.double#Car_Lotus2.rotation.4.1.1.double#Vehicle3.translation.3.1.1.double#Car_Lotus3.rotation.4.1.1.double#Vehicle4.translation.3.1.1.double#Car_Lotus4.rotation.4.1.1.double#Vehicle5.translation.3.1.1.double#Car_Lotus5.rotation.4.1.1.double#Vehicle7.translation.3.1.1.double#Car_Lotus7.rotation.4.1.1.double#Vehicle6.translation.3.1.1.double#Car_Lotus6.rotation.4.1.1.double</P>
      <P Name="WorldFileName">path-11052012.wrl</P>
      <P Name="AutoView">on</P>
      <P Name="VideoDimensions">[]</P>
      <P Name="AllowVariableSize">off</P>
      <P Name="FigureProperties">{&apos;Position&apos;, &apos;Name&apos;, &apos;Viewpoint&apos;, &apos;CameraBound&apos;, &apos;CameraDirection&apos;, &apos;CameraPosition&apos;, &apos;CameraUpVector&apos;, &apos;ZoomFactor&apos;, &apos;Antialiasing&apos;, &apos;Headlight&apos;, &apos;Lighting&apos;, &apos;NavPanel&apos;, &apos;Sound&apos;, &apos;StatusBar&apos;, &apos;Stereo3D&apos;, &apos;Stereo3DCameraOffset&apos;, &apos;Stereo3DHIT&apos;, &apos;ToolBar&apos;, &apos;Textures&apos;, &apos;Transparency&apos;, &apos;Triad&apos;, &apos;Wireframe&apos;, &apos;NavZones&apos;, &apos;NavMode&apos;, &apos;NavSpeed&apos;, &apos;CaptureFileFormat&apos;, &apos;CaptureFileName&apos;, &apos;Record2DCompressMethod&apos;, &apos;Record2DCompressQuality&apos;, &apos;Record2D&apos;, &apos;Record2DFileName&apos;, &apos;Record2DFPS&apos;; [1.2157600000000001e+02   3.8389600000000007e+02   5.7600000000000000e+02   3.5000000000000000e+02], &apos;&apos;, &apos;Vehicle1_Behind&apos;, &apos;on&apos;, [0.0000000000000000e+00   0.0000000000000000e+00  -1.0000000000000000e+00], [0.0000000000000000e+00   0.0000000000000000e+00   0.0000000000000000e+00], [0.0000000000000000e+00   1.0000000000000000e+00   0.0000000000000000e+00], [1.0000000000000000e+00], &apos;on&apos;, &apos;on&apos;, &apos;on&apos;, &apos;halfbar&apos;, &apos;on&apos;, &apos;on&apos;, &apos;off&apos;, [1.0000000149011612e-01], [0.0000000000000000e+00], &apos;on&apos;, &apos;on&apos;, &apos;on&apos;, &apos;none&apos;, &apos;off&apos;, &apos;off&apos;, &apos;fly&apos;, &apos;normal&apos;, &apos;tif&apos;, &apos;%f_anim_%n.tif&apos;, &apos;auto&apos;, [7.5000000000000000e+01], &apos;off&apos;, &apos;%f_anim_%n.avi&apos;, &apos;auto&apos;} </P>
    </InstanceData>
  </Block>
  <Line>
    <P Name="ZOrder">55</P>
    <P Name="Src">114#out:1</P>
    <P Name="Dst">276#in:1</P>
  </Line>
  <Line>
    <P Name="ZOrder">57</P>
    <P Name="Src">277#out:1</P>
    <P Name="Points">[60, 0; 0, 10]</P>
    <P Name="Dst">1#in:1</P>
  </Line>
  <Line>
    <P Name="ZOrder">58</P>
    <P Name="Src">277#out:2</P>
    <P Name="Points">[53, 0; 0, -5]</P>
    <P Name="Dst">1#in:2</P>
  </Line>
  <Line>
    <P Name="ZOrder">59</P>
    <P Name="Src">277#out:3</P>
    <P Name="Points">[53, 0; 0, -20]</P>
    <P Name="Dst">1#in:3</P>
  </Line>
  <Line>
    <P Name="ZOrder">60</P>
    <P Name="Src">277#out:4</P>
    <P Name="Points">[60, 0; 0, 10]</P>
    <P Name="Dst">255#in:1</P>
  </Line>
  <Line>
    <P Name="ZOrder">61</P>
    <P Name="Src">277#out:5</P>
    <P Name="Points">[90, 0; 0, 25]</P>
    <P Name="Dst">17#in:1</P>
  </Line>
  <Line>
    <P Name="ZOrder">62</P>
    <P Name="Src">277#out:6</P>
    <P Name="Points">[45, 0; 0, 10]</P>
    <P Name="Dst">17#in:2</P>
  </Line>
  <Line>
    <P Name="ZOrder">63</P>
    <P Name="Src">277#out:7</P>
    <P Name="Points">[53, 0; 0, -5]</P>
    <P Name="Dst">17#in:3</P>
  </Line>
  <Line>
    <P Name="ZOrder">64</P>
    <P Name="Src">277#out:8</P>
    <P Name="Points">[60, 0; 0, 25]</P>
    <P Name="Dst">33#in:1</P>
  </Line>
  <Line>
    <P Name="ZOrder">65</P>
    <P Name="Src">277#out:9</P>
    <P Name="Points">[30, 0; 0, 10]</P>
    <P Name="Dst">33#in:2</P>
  </Line>
  <Line>
    <P Name="ZOrder">66</P>
    <P Name="Src">277#out:10</P>
    <P Name="Points">[55, 0; 0, -5]</P>
    <P Name="Dst">33#in:3</P>
  </Line>
  <Line>
    <P Name="ZOrder">67</P>
    <P Name="Src">277#out:11</P>
    <P Name="Points">[63, 0; 0, 25]</P>
    <P Name="Dst">49#in:1</P>
  </Line>
  <Line>
    <P Name="ZOrder">68</P>
    <P Name="Src">277#out:12</P>
    <P Name="Points">[32, 0; 0, 10]</P>
    <P Name="Dst">49#in:2</P>
  </Line>
  <Line>
    <P Name="ZOrder">69</P>
    <P Name="Src">277#out:13</P>
    <P Name="Points">[55, 0; 0, -5]</P>
    <P Name="Dst">49#in:3</P>
  </Line>
  <Line>
    <P Name="ZOrder">70</P>
    <P Name="Src">277#out:14</P>
    <P Name="Points">[63, 0; 0, 60]</P>
    <P Name="Dst">65#in:1</P>
  </Line>
  <Line>
    <P Name="ZOrder">71</P>
    <P Name="Src">277#out:15</P>
    <P Name="Points">[54, 0; 0, 45]</P>
    <P Name="Dst">65#in:2</P>
  </Line>
  <Line>
    <P Name="ZOrder">72</P>
    <P Name="Src">277#out:16</P>
    <P Name="Points">[22, 0; 0, 30]</P>
    <P Name="Dst">65#in:3</P>
  </Line>
  <Line>
    <P Name="ZOrder">73</P>
    <P Name="Src">277#out:17</P>
    <P Name="Points">[48, 0; 0, 60]</P>
    <P Name="Dst">81#in:1</P>
  </Line>
  <Line>
    <P Name="ZOrder">74</P>
    <P Name="Src">277#out:18</P>
    <P Name="Points">[38, 0; 0, 45]</P>
    <P Name="Dst">81#in:2</P>
  </Line>
  <Line>
    <P Name="ZOrder">75</P>
    <P Name="Src">277#out:19</P>
    <P Name="Points">[25, 0; 0, 30]</P>
    <P Name="Dst">81#in:3</P>
  </Line>
  <Line>
    <P Name="ZOrder">76</P>
    <P Name="Src">277#out:20</P>
    <P Name="Points">[55, 0; 0, 45]</P>
    <P Name="Dst">97#in:1</P>
  </Line>
  <Line>
    <P Name="ZOrder">77</P>
    <P Name="Src">277#out:21</P>
    <P Name="Points">[22, 0; 0, 30]</P>
    <P Name="Dst">97#in:2</P>
  </Line>
  <Line>
    <P Name="ZOrder">78</P>
    <P Name="Src">277#out:22</P>
    <P Name="Points">[48, 0; 0, 15]</P>
    <P Name="Dst">97#in:3</P>
  </Line>
  <Line>
    <P Name="ZOrder">79</P>
    <P Name="Src">276#out:1</P>
    <P Name="Dst">277#in:1</P>
  </Line>
  <Line>
    <P Name="ZOrder">136</P>
    <P Name="Src">17#out:1</P>
    <P Name="Points">[157, 0]</P>
    <Branch>
      <P Name="ZOrder">169</P>
      <P Name="Points">[0, -70]</P>
      <P Name="Dst">264#in:4</P>
    </Branch>
    <Branch>
      <P Name="ZOrder">138</P>
      <P Name="Points">[0, 245]</P>
      <P Name="Dst">264#in:11</P>
    </Branch>
  </Line>
  <Line>
    <P Name="ZOrder">134</P>
    <P Name="Src">33#out:1</P>
    <P Name="Points">[182, 0]</P>
    <Branch>
      <P Name="ZOrder">168</P>
      <P Name="Points">[0, -160]</P>
      <P Name="Dst">264#in:5</P>
    </Branch>
    <Branch>
      <P Name="ZOrder">140</P>
      <P Name="Points">[0, 200]</P>
      <P Name="Dst">264#in:13</P>
    </Branch>
  </Line>
  <Line>
    <P Name="ZOrder">132</P>
    <P Name="Src">49#out:1</P>
    <P Name="Points">[248, 0]</P>
    <Branch>
      <P Name="ZOrder">143</P>
      <P Name="Points">[0, -250]</P>
      <P Name="Dst">264#in:6</P>
    </Branch>
    <Branch>
      <P Name="ZOrder">142</P>
      <P Name="Points">[0, 155]</P>
      <P Name="Dst">264#in:15</P>
    </Branch>
  </Line>
  <Line>
    <P Name="ZOrder">129</P>
    <P Name="Src">65#out:1</P>
    <P Name="Points">[93, 0; 0, 75; 217, 0]</P>
    <Branch>
      <P Name="ZOrder">145</P>
      <P Name="Points">[0, -450]</P>
      <P Name="Dst">264#in:7</P>
    </Branch>
    <Branch>
      <P Name="ZOrder">144</P>
      <P Name="Dst">264#in:17</P>
    </Branch>
  </Line>
  <Line>
    <P Name="ZOrder">128</P>
    <P Name="Src">81#out:1</P>
    <P Name="Points">[45, 0; 0, 30; 264, 0]</P>
    <Branch>
      <P Name="ZOrder">147</P>
      <P Name="Points">[0, -495]</P>
      <P Name="Dst">264#in:8</P>
    </Branch>
    <Branch>
      <P Name="ZOrder">146</P>
      <P Name="Dst">264#in:19</P>
    </Branch>
  </Line>
  <Line>
    <P Name="ZOrder">125</P>
    <P Name="Src">97#out:1</P>
    <P Name="Points">[318, 0]</P>
    <Branch>
      <P Name="ZOrder">149</P>
      <P Name="Points">[0, -540]</P>
      <P Name="Dst">264#in:9</P>
    </Branch>
    <Branch>
      <P Name="ZOrder">148</P>
      <P Name="Dst">264#in:21</P>
    </Branch>
  </Line>
  <Line>
    <P Name="ZOrder">120</P>
    <P Name="Src">1#out:1</P>
    <P Name="Points">[240, 0]</P>
    <Branch>
      <P Name="ZOrder">123</P>
      <P Name="Points">[0, 80]</P>
      <P Name="Dst">264#in:3</P>
    </Branch>
    <Branch>
      <P Name="ZOrder">121</P>
      <P Name="Points">[0, -10]</P>
      <P Name="Dst">264#in:1</P>
    </Branch>
  </Line>
  <Line>
    <P Name="ZOrder">124</P>
    <P Name="Src">1#out:2</P>
    <P Name="Points">[49, 0; 0, -10]</P>
    <P Name="Dst">264#in:2</P>
  </Line>
  <Line>
    <P Name="ZOrder">126</P>
    <P Name="Src">97#out:2</P>
    <P Name="Dst">264#in:22</P>
  </Line>
  <Line>
    <P Name="ZOrder">127</P>
    <P Name="Src">81#out:2</P>
    <P Name="Points">[38, 0; 0, 30]</P>
    <P Name="Dst">264#in:20</P>
  </Line>
  <Line>
    <P Name="ZOrder">130</P>
    <P Name="Src">65#out:2</P>
    <P Name="Points">[82, 0; 0, 75]</P>
    <P Name="Dst">264#in:18</P>
  </Line>
  <Line>
    <P Name="ZOrder">131</P>
    <P Name="Src">49#out:2</P>
    <P Name="Points">[64, 0; 0, 155]</P>
    <P Name="Dst">264#in:16</P>
  </Line>
  <Line>
    <P Name="ZOrder">133</P>
    <P Name="Src">33#out:2</P>
    <P Name="Points">[92, 0; 0, 200]</P>
    <P Name="Dst">264#in:14</P>
  </Line>
  <Line>
    <P Name="ZOrder">135</P>
    <P Name="Src">17#out:2</P>
    <P Name="Points">[119, 0; 0, 245]</P>
    <P Name="Dst">264#in:12</P>
  </Line>
  <Line>
    <P Name="ZOrder">137</P>
    <P Name="Src">255#out:1</P>
    <P Name="Points">[138, 0; 0, 270]</P>
    <P Name="Dst">264#in:10</P>
  </Line>
  <Annotation SID="265">
    <P Name="Name">Check File&gt;Model Properties&gt;Callbacks&gt;PostLoadFcn for the input from workspace </P>
    <P Name="Position">[39, 36, 414, 50]</P>
    <P Name="InternalMargins">[0, 0, 0, 0]</P>
    <P Name="ZOrder">-1</P>
  </Annotation>
</System>
