<?xml version="1.0" encoding="utf-8"?>
<System>
  <P Name="Location">[403, 291, 1033, 965]</P>
  <P Name="SetExecutionDomain">off</P>
  <P Name="ExecutionDomainType">Deduce</P>
  <P Name="SimulinkSubDomain">Simulink</P>
  <Block BlockType="Inport" Name="x" SID="50">
    <P Name="Position">[35, 53, 65, 67]</P>
    <P Name="ZOrder">-1</P>
  </Block>
  <Block BlockType="Inport" Name="y" SID="51">
    <P Name="Position">[35, 173, 65, 187]</P>
    <P Name="ZOrder">-1</P>
    <P Name="Port">2</P>
  </Block>
  <Block BlockType="Inport" Name="psi" SID="52">
    <P Name="Position">[35, 403, 65, 417]</P>
    <P Name="ZOrder">-1</P>
    <P Name="Port">3</P>
  </Block>
  <Block BlockType="Constant" Name="Constant" SID="53">
    <P Name="Position">[210, 245, 240, 275]</P>
    <P Name="ZOrder">-4</P>
    <P Name="Value">0</P>
  </Block>
  <Block BlockType="Constant" Name="Constant1" SID="54">
    <P Name="Position">[210, 295, 240, 325]</P>
    <P Name="ZOrder">-5</P>
  </Block>
  <Block BlockType="Constant" Name="Constant2" SID="55">
    <P Name="Position">[210, 345, 240, 375]</P>
    <P Name="ZOrder">-6</P>
    <P Name="Value">0</P>
  </Block>
  <Block BlockType="Constant" Name="Constant3" SID="56">
    <P Name="Position">[145, 105, 175, 135]</P>
    <P Name="ZOrder">-7</P>
    <P Name="Value">0</P>
  </Block>
  <Block BlockType="DataTypeConversion" Name="Data Type Conversion" SID="57">
    <P Name="Position">[210, 43, 285, 77]</P>
    <P Name="ZOrder">-7</P>
    <P Name="OutDataTypeStr">double</P>
    <P Name="RndMeth">Floor</P>
    <P Name="SaturateOnIntegerOverflow">off</P>
  </Block>
  <Block BlockType="DataTypeConversion" Name="Data Type Conversion1" SID="58">
    <P Name="Position">[195, 163, 270, 197]</P>
    <P Name="ZOrder">-7</P>
    <P Name="OutDataTypeStr">double</P>
    <P Name="RndMeth">Floor</P>
    <P Name="SaturateOnIntegerOverflow">off</P>
  </Block>
  <Block BlockType="DataTypeConversion" Name="Data Type Conversion2" SID="59">
    <P Name="Position">[205, 393, 280, 427]</P>
    <P Name="ZOrder">-7</P>
    <P Name="OutDataTypeStr">double</P>
    <P Name="RndMeth">Floor</P>
    <P Name="SaturateOnIntegerOverflow">off</P>
  </Block>
  <Block BlockType="Gain" Name="Gain3" SID="60">
    <P Name="Position">[105, 165, 135, 195]</P>
    <P Name="ZOrder">-8</P>
    <P Name="Gain">-1</P>
  </Block>
  <Block BlockType="Mux" Name="Mux" SID="61">
    <P Name="Ports">[3, 1]</P>
    <P Name="Position">[370, 33, 375, 207]</P>
    <P Name="ZOrder">-12</P>
    <P Name="ShowName">off</P>
    <P Name="Inputs">3</P>
    <P Name="DisplayOption">bar</P>
  </Block>
  <Block BlockType="Mux" Name="Mux1" SID="62">
    <P Name="Ports">[4, 1]</P>
    <P Name="Position">[370, 236, 375, 434]</P>
    <P Name="ZOrder">-13</P>
    <P Name="ShowName">off</P>
    <P Name="DisplayOption">bar</P>
  </Block>
  <Block BlockType="Outport" Name="translation_Car" SID="63">
    <P Name="Position">[465, 113, 495, 127]</P>
    <P Name="ZOrder">-23</P>
    <P Name="VectorParamsAs1DForOutWhenUnconnected">off</P>
  </Block>
  <Block BlockType="Outport" Name="rotation_car" SID="64">
    <P Name="Position">[465, 328, 495, 342]</P>
    <P Name="ZOrder">-23</P>
    <P Name="Port">2</P>
    <P Name="VectorParamsAs1DForOutWhenUnconnected">off</P>
  </Block>
  <Line>
    <P Name="ZOrder">1</P>
    <P Name="Src">53#out:1</P>
    <P Name="Dst">62#in:1</P>
  </Line>
  <Line>
    <P Name="ZOrder">2</P>
    <P Name="Src">54#out:1</P>
    <P Name="Dst">62#in:2</P>
  </Line>
  <Line>
    <P Name="ZOrder">3</P>
    <P Name="Src">55#out:1</P>
    <P Name="Dst">62#in:3</P>
  </Line>
  <Line>
    <P Name="ZOrder">4</P>
    <P Name="Src">59#out:1</P>
    <P Name="Dst">62#in:4</P>
  </Line>
  <Line>
    <P Name="ZOrder">5</P>
    <P Name="Src">51#out:1</P>
    <P Name="Dst">60#in:1</P>
  </Line>
  <Line>
    <P Name="ZOrder">6</P>
    <P Name="Src">52#out:1</P>
    <P Name="Dst">59#in:1</P>
  </Line>
  <Line>
    <P Name="ZOrder">7</P>
    <P Name="Src">56#out:1</P>
    <P Name="Dst">61#in:2</P>
  </Line>
  <Line>
    <P Name="ZOrder">8</P>
    <P Name="Src">60#out:1</P>
    <P Name="Dst">58#in:1</P>
  </Line>
  <Line>
    <P Name="ZOrder">9</P>
    <P Name="Src">50#out:1</P>
    <P Name="Dst">57#in:1</P>
  </Line>
  <Line>
    <P Name="ZOrder">10</P>
    <P Name="Src">58#out:1</P>
    <P Name="Dst">61#in:3</P>
  </Line>
  <Line>
    <P Name="ZOrder">11</P>
    <P Name="Src">57#out:1</P>
    <P Name="Dst">61#in:1</P>
  </Line>
  <Line>
    <P Name="ZOrder">12</P>
    <P Name="Src">61#out:1</P>
    <P Name="Dst">63#in:1</P>
  </Line>
  <Line>
    <P Name="ZOrder">13</P>
    <P Name="Src">62#out:1</P>
    <P Name="Dst">64#in:1</P>
  </Line>
</System>
