<?xml version="1.0" encoding="utf-8"?>
<System>
  <P Name="Location">[403, 291, 1033, 965]</P>
  <P Name="SetExecutionDomain">off</P>
  <P Name="ExecutionDomainType">Deduce</P>
  <P Name="SimulinkSubDomain">Simulink</P>
  <Block BlockType="Inport" Name="x" SID="66">
    <P Name="Position">[35, 53, 65, 67]</P>
    <P Name="ZOrder">-1</P>
  </Block>
  <Block BlockType="Inport" Name="y" SID="67">
    <P Name="Position">[35, 173, 65, 187]</P>
    <P Name="ZOrder">-1</P>
    <P Name="Port">2</P>
  </Block>
  <Block BlockType="Inport" Name="psi" SID="68">
    <P Name="Position">[35, 403, 65, 417]</P>
    <P Name="ZOrder">-1</P>
    <P Name="Port">3</P>
  </Block>
  <Block BlockType="Constant" Name="Constant" SID="69">
    <P Name="Position">[210, 245, 240, 275]</P>
    <P Name="ZOrder">-4</P>
    <P Name="Value">0</P>
  </Block>
  <Block BlockType="Constant" Name="Constant1" SID="70">
    <P Name="Position">[210, 295, 240, 325]</P>
    <P Name="ZOrder">-5</P>
  </Block>
  <Block BlockType="Constant" Name="Constant2" SID="71">
    <P Name="Position">[210, 345, 240, 375]</P>
    <P Name="ZOrder">-6</P>
    <P Name="Value">0</P>
  </Block>
  <Block BlockType="Constant" Name="Constant3" SID="72">
    <P Name="Position">[145, 105, 175, 135]</P>
    <P Name="ZOrder">-7</P>
    <P Name="Value">0</P>
  </Block>
  <Block BlockType="DataTypeConversion" Name="Data Type Conversion" SID="73">
    <P Name="Position">[210, 43, 285, 77]</P>
    <P Name="ZOrder">-7</P>
    <P Name="OutDataTypeStr">double</P>
    <P Name="RndMeth">Floor</P>
    <P Name="SaturateOnIntegerOverflow">off</P>
  </Block>
  <Block BlockType="DataTypeConversion" Name="Data Type Conversion1" SID="74">
    <P Name="Position">[195, 163, 270, 197]</P>
    <P Name="ZOrder">-7</P>
    <P Name="OutDataTypeStr">double</P>
    <P Name="RndMeth">Floor</P>
    <P Name="SaturateOnIntegerOverflow">off</P>
  </Block>
  <Block BlockType="DataTypeConversion" Name="Data Type Conversion2" SID="75">
    <P Name="Position">[205, 393, 280, 427]</P>
    <P Name="ZOrder">-7</P>
    <P Name="OutDataTypeStr">double</P>
    <P Name="RndMeth">Floor</P>
    <P Name="SaturateOnIntegerOverflow">off</P>
  </Block>
  <Block BlockType="Gain" Name="Gain3" SID="76">
    <P Name="Position">[105, 165, 135, 195]</P>
    <P Name="ZOrder">-8</P>
    <P Name="Gain">-1</P>
  </Block>
  <Block BlockType="Mux" Name="Mux" SID="77">
    <P Name="Ports">[3, 1]</P>
    <P Name="Position">[370, 33, 375, 207]</P>
    <P Name="ZOrder">-12</P>
    <P Name="ShowName">off</P>
    <P Name="Inputs">3</P>
    <P Name="DisplayOption">bar</P>
  </Block>
  <Block BlockType="Mux" Name="Mux1" SID="78">
    <P Name="Ports">[4, 1]</P>
    <P Name="Position">[370, 236, 375, 434]</P>
    <P Name="ZOrder">-13</P>
    <P Name="ShowName">off</P>
    <P Name="DisplayOption">bar</P>
  </Block>
  <Block BlockType="Outport" Name="translation_Car" SID="79">
    <P Name="Position">[465, 113, 495, 127]</P>
    <P Name="ZOrder">-23</P>
    <P Name="VectorParamsAs1DForOutWhenUnconnected">off</P>
  </Block>
  <Block BlockType="Outport" Name="rotation_car" SID="80">
    <P Name="Position">[465, 328, 495, 342]</P>
    <P Name="ZOrder">-23</P>
    <P Name="Port">2</P>
    <P Name="VectorParamsAs1DForOutWhenUnconnected">off</P>
  </Block>
  <Line>
    <P Name="ZOrder">1</P>
    <P Name="Src">69#out:1</P>
    <P Name="Dst">78#in:1</P>
  </Line>
  <Line>
    <P Name="ZOrder">2</P>
    <P Name="Src">70#out:1</P>
    <P Name="Dst">78#in:2</P>
  </Line>
  <Line>
    <P Name="ZOrder">3</P>
    <P Name="Src">71#out:1</P>
    <P Name="Dst">78#in:3</P>
  </Line>
  <Line>
    <P Name="ZOrder">4</P>
    <P Name="Src">75#out:1</P>
    <P Name="Dst">78#in:4</P>
  </Line>
  <Line>
    <P Name="ZOrder">5</P>
    <P Name="Src">67#out:1</P>
    <P Name="Dst">76#in:1</P>
  </Line>
  <Line>
    <P Name="ZOrder">6</P>
    <P Name="Src">68#out:1</P>
    <P Name="Dst">75#in:1</P>
  </Line>
  <Line>
    <P Name="ZOrder">7</P>
    <P Name="Src">72#out:1</P>
    <P Name="Dst">77#in:2</P>
  </Line>
  <Line>
    <P Name="ZOrder">8</P>
    <P Name="Src">76#out:1</P>
    <P Name="Dst">74#in:1</P>
  </Line>
  <Line>
    <P Name="ZOrder">9</P>
    <P Name="Src">66#out:1</P>
    <P Name="Dst">73#in:1</P>
  </Line>
  <Line>
    <P Name="ZOrder">10</P>
    <P Name="Src">74#out:1</P>
    <P Name="Dst">77#in:3</P>
  </Line>
  <Line>
    <P Name="ZOrder">11</P>
    <P Name="Src">73#out:1</P>
    <P Name="Dst">77#in:1</P>
  </Line>
  <Line>
    <P Name="ZOrder">12</P>
    <P Name="Src">77#out:1</P>
    <P Name="Dst">79#in:1</P>
  </Line>
  <Line>
    <P Name="ZOrder">13</P>
    <P Name="Src">78#out:1</P>
    <P Name="Dst">80#in:1</P>
  </Line>
</System>
